id,firstName,lastName,email,gender,contactNo,country,dob
1,John,Doe,johndoe@example.com,Male,1234567890,USA,1990-05-15
2,Jane,Smith,janesmith@example.com,Female,2345678901,Canada,1985-08-20
3,Michael,Johnson,michaeljohnson@example.com,Male,3456789012,UK,1982-03-10
4,Emily,Brown,emilybrown@example.com,Female,4567890123,Australia,1995-11-25
5,David,Miller,davidmiller@example.com,Male,5678901234,Germany,1978-09-30
6,Sarah,Anderson,sarahanderson@example.com,Female,6789012345,France,1989-07-05
7,James,Thomas,jamesthomas@example.com,Male,7890123456,Spain,1984-01-12
8,Emma,Wilson,emmawilson@example.com,Female,8901234567,Italy,1992-06-18
9,Christopher,Jackson,christopherjackson@example.com,Male,9012345678,Japan,1980-04-22
10,Olivia,Martin,oliviamartin@example.com,Female,1234567890,USA,1987-12-08
11,Alexander,White,alexanderwhite@example.com,Male,2345678901,Canada,1993-02-14
12,Grace,Thompson,gracethompson@example.com,Female,3456789012,UK,1986-10-17
13,Nicholas,Anderson,nicholasanderson@example.com,Male,4567890123,Australia,1979-04-05
14,Chloe,Harris,chloeharris@example.com,Female,5678901234,Germany,1991-08-22
15,Henry,Martin,henrymartin@example.com,Male,6789012345,France,1983-06-27
16,Ella,Lewis,ellalewis@example.com,Female,7890123456,Spain,1988-03-15
17,Liam,Thompson,liamthompson@example.com,Male,8901234567,Italy,1977-11-10
18,Ava,Garcia,avagarcia@example.com,Female,9012345678,Japan,1984-05-19
19,Benjamin,Hall,benjaminhall@example.com,Male,1234567890,USA,1996-01-03
20,Mia,Young,miayoung@example.com,Female,2345678901,Canada,1981-09-28
21,Ethan,Clark,ethanclark@example.com,Male,3456789012,UK,1989-07-13
22,Isabella,Scott,isabellascott@example.com,Female,4567890123,Australia,1982-03-30
23,Mason,Walker,masonwalker@example.com,Male,5678901234,Germany,1990-11-14
24,Charlotte,Hill,charlottehill@example.com,Female,6789012345,France,1978-04-21
25,William,Adams,williamadams@example.com,Male,7890123456,Spain,1985-02-07
26,Amelia,Green,ameliagreen@example.com,Female,8901234567,Italy,1993-06-25
27,James,Hall,jameshall@example.com,Male,9012345678,Japan,1979-08-02
28,Sophia,Baker,sophiabaker@example.com,Female,1234567890,USA,1986-12-16
29,Logan,Carter,logancarter@example.com,Male,2345678901,Canada,1983-10-19
30,Madison,Morris,madisonmorris@example.com,Female,3456789012,UK,1991-05-23
31,Avery,James,averyjames@example.com,Male,4567890123,Australia,1980-01-28
32,Abigail,Edwards,abigailedwards@example.com,Female,5678901234,Germany,1996-09-11
33,Aiden,Rivera,aidenrivera@example.com,Male,6789012345,France,1977-07-04
34,Elizabeth,Collins,elizabethcollins@example.com,Female,7890123456,Spain,1984-03-09
35,Jackson,Ward,jacksonward@example.com,Male,8901234567,Italy,1988-11-15
36,Sofia,Howard,sofiahoward@example.com,Female,9012345678,Japan,1982-05-20
37,Owen,Evans,owenevans@example.com,Male,1234567890,USA,1989-10-24
38,Lily,Murphy,lilymurphy@example.com,Female,2345678901,Canada,1981-08-27
39,Lucas,Cooper,lucascooper@example.com,Male,3456789012,UK,1994-04-01
40,Evelyn,Richardson,evelynrichardson@example.com,Female,4567890123,Australia,1978-12-06
41,Carter,Ross,carterr@example.com,Male,5678901234,Germany,1987-06-10
42,Aria,Long,arialong@example.com,Female,6789012345,France,1992-02-14
43,Grayson,Wright,graysonwright@example.com,Male,7890123456,Spain,1980-09-18
44,Hannah,Ward,hannahward@example.com,Female,8901234567,Italy,1985-05-22
45,Muhammad,Brooks,muhammadbrooks@example.com,Male,9012345678,Japan,1990-03-26
46,Scarlett,Ross,scarlettross@example.com,Female,1234567890,USA,1979-11-30
47,Jacob,Murphy,jacobmurphy@example.com,Male,2345678901,Canada,1983-04-03
48,Zoe,Reed,zoereed@example.com,Female,3456789012,UK,1995-08-07
49,Levi,Cook,levicook@example.com,Male,4567890123,Australia,1981-02-12
50,Victoria,Young,victoriayoung@example.com,Female,5678901234,Germany,1986-10-16
51,Deep,Panchal,panchaldeep113@gmail.com,Male,9664997888,India,2001-03-10
